,Names,Sort Code,Account Number
1,Jeffrey Moses,794060,50746114
2,Najma Connelly,949933,57523594
3,Corrina Bloom,417897,02668716
4,Callen Read,943810,02017289
5,Ibrahim O'Sullivan,704756,52689717
6,Mylo Lozano,291259,20946993
7,Jordan-Lee Turner,829245,80173021
8,Sherry Harwood,242110,01337346
9,Eden Mcbride,780335,48535509
10,Aida Collins,446156,64359292
11,Jarod Cardenas,688791,12912468
12,Sophie-Louise Myers,954181,86523227
13,Anis Page,897988,58786640
14,Eddison Woolley,905609,44110903
15,Priya Wiley,260752,11092856
16,Ceri Rooney,699074,84210580
17,Aadam Mcleod,555384,07221480
18,Ryder Leal,699866,60048275
19,Devante Andersen,362066,39738502
20,Hassan Mahoney,050370,27948726
21,Tai Stephenson,556942,38174279
22,Conner Bob,419370,85458847
23,Martha Mcnally,684245,14241719
24,Jago Feeney,587217,48647664
25,Iestyn Lim,961479,66937239
26,Alayna Nieves,704198,09817319
27,Anisah Redfern,815993,65264671
28,Ayat Wicks,686739,92298062
29,Pippa Coulson,859225,95749507
30,Nella Haines,399372,40277304
31,Jasmine Prosser,096404,40721524
32,Laila Hail,904196,13104402
33,Shelbie Chung,009205,99881962
34,Lilliana Mccarty,020912,74858905
35,Mira Stamp,435355,28740511
36,Fleur Harrell,293463,09132284
37,Amie Galloway,951488,43046566
38,Imaad Whitehead,978801,63163016
39,Emme Walls,086264,80620435
40,Gloria Macfarlane,306319,41576091
41,Cassius Talley,979188,60590618
42,Precious Moore,369671,03943173
43,Macsen Freeman,307697,73647609
44,Katelin Mcintyre,880928,10541488
45,Amalie Mccullough,061282,83741546
46,Hadassah Bains,326745,96077166
47,Giorgio Cano,342032,75316311
48,Miller Burnett,087436,74730798
49,Gerrard Mullen,225972,74367634
50,Rumaisa Hyde,165103,65037512
51,Lilly-Mae Warren,759009,93632526
52,Rayyan Butler,027719,16819059
53,Freddy Mccall,094721,11708008
54,Marcus Ruiz,895937,07191125
55,Lewis Lambert,355439,13456361
56,Isabella-Rose Sharples,601979,20930905
57,Isis House,250556,29813570
58,Lola Rahman,389668,98603483
59,Cosmo Holcomb,290018,39767966
60,Shaunie Gates,766563,62248338
61,Lilah Travis,450581,46942985
62,Taylor Goldsmith,343551,07257974
63,Rachelle Spence,390281,11144364
64,Tyriq Redmond,778618,40649057
65,Simon Smart,229329,70961332
66,Fionn Barlow,398213,11288648
67,Thiago Drake,244707,71144524
68,Elyse Joseph,932812,29031651
69,Malikah Abbott,449890,02347469
70,Keri Saunders,522230,34734870
71,Aarush Tyson,815330,92134261
72,Simran Herbert,037470,45242886
73,Teri O'Neill,187473,75091287
74,Iwan Dixon,108237,23864130
75,Trevor Carrillo,327053,56838067
76,Danielle Curry,719154,87586886
77,Aoife Mackie,829670,32485903
78,Martyn Pope,510961,56443355
79,Wilf Welsh,391370,67735101
80,Avleen Connor,364002,50522639
81,Ella-Grace Haigh,986794,97934300
82,Zohaib Odling,985832,18077654
83,Denis Woods,291738,88948321
84,Ziva Cabrera,647227,58422111
85,Layla-Rose Hull,136678,70858273
86,Kit Johnson,555086,15736382
87,Bernice Holman,685417,18091126
88,Kajol Tillman,488594,20447425
89,Saoirse Irwin,409690,81591779
90,Wiktoria Vinson,394049,59643384
91,Husnain Henry,917419,28007772
92,Harper-Rose Oneal,960154,52801106
93,Kaiden Elliott,181455,36828426
94,Hania Medina,566364,28378947
95,Caprice Nixon,637840,80976727
96,Abigale Zhang,656021,09476035
97,Fletcher Watson,543877,02303794
98,Habiba Manning,407774,51176848
99,Sky Buxton,050504,16057670
100,Iyla Morin,028010,54319214