ID,Names,Sort Code,Account Number
81,Ella-Grace Haigh,986794,97934300
23,Martha Mcnally,684245,14241719
37,Amie Galloway,951488,43046566
3,Corrina Bloom,417897,02668716
85,Layla-Rose Hull,136678,70858273
68,Elyse Joseph,932812,29031651
2,Najma Connelly,949933,57523594
8,Sherry Harwood,242110,01337346
95,Caprice Nixon,637840,80976727
92,Harper-Rose Oneal,111111,22222222
55,Lewis Lambert,355439,13456361
7,Jordan-Lee Turner,829245,80173021
98,Habiba Manning,111111,22222222
90,Wiktoria Vinson,394049,59643384
55,Lewis Lambert,355439,13456361
89,Saoirse Irwin,409690,81591779
79,Wilf Welsh,391370,67735101
81,Ella-Grace Haigh,986794,97934300